{"cameraMode":{"drawMode":0,"name":"Shaded","section":"Shading Mode"},"sceneLighting":false,"audioPlay":false,"sceneViewState":{"showFog":true,"showMaterialUpdate":false,"showSkybox":false,"showFlares":true,"showImageEffects":true,"showParticleSystems":true},"in2DMode":false,"pivot":{"x":2.692023515701294,"y":13.938715934753418,"z":-17.503507614135743},"rotation":{"x":-0.026747489348053933,"y":0.9730224609375,"z":-0.17254385352134705,"w":-0.15096361935138703},"size":0.0005702825146727264,"orthographic":false}