{"cameraMode":{"drawMode":0,"name":"Shaded","section":"Shading Mode"},"sceneLighting":true,"audioPlay":false,"sceneViewState":{"showFog":true,"showMaterialUpdate":false,"showSkybox":true,"showFlares":true,"showImageEffects":true,"showParticleSystems":true},"in2DMode":false,"pivot":{"x":26.489765167236329,"y":8.57381820678711,"z":0.9019107818603516},"rotation":{"x":-0.07576435059309006,"y":0.9163988828659058,"z":-0.20830094814300538,"w":-0.33339300751686098},"size":7.0086870193481449,"orthographic":false}