{"cameraMode":{"drawMode":0,"name":"Shaded","section":"Shading Mode"},"sceneLighting":true,"audioPlay":false,"sceneViewState":{"showFog":true,"showMaterialUpdate":false,"showSkybox":true,"showFlares":true,"showImageEffects":true,"showParticleSystems":true},"in2DMode":false,"pivot":{"x":-0.08006215840578079,"y":2.8840582370758058,"z":-5.844122409820557},"rotation":{"x":0.0020428479183465244,"y":0.9966519474983215,"z":-0.07789678871631623,"w":0.025999071076512338},"size":0.00005543319639400579,"orthographic":false}